54.88.79.63,bot
59.4.156.205,bot
210.81.150.35,spider
189.122.55.87,proxy
206.113.127.164,spider
181.101.122.158,proxy
84.232.117.199,bot
223.205.246.70,exploit-bot
157.245.5.82,proxy
221.0.212.19,bot
195.99.160.103,spider
122.191.92.30,bot
169.1.129.7,proxy
181.21.161.36,bot
85.26.146.178,proxy
203.149.62.162,bot
180.76.171.57,exploit-bot:bot
27.204.47.131,proxy
216.155.192.157,spider
125.195.224.27,bot
147.119.0.177,hijacked
37.82.21.135,proxy
180.183.40.92,proxy
58.251.232.97,proxy
60.173.47.22,proxy
106.75.140.142,proxy
45.163.110.106,proxy
193.111.235.238,hijacked
85.208.211.205,proxy
124.122.180.36,proxy
116.112.250.138,proxy
79.33.223.225,proxy
207.229.65.155,tor
88.135.40.88,proxy
24.170.42.53,proxy
183.141.61.159,proxy
31.192.253.246,proxy
104.232.148.124,proxy
163.254.0.26,hijacked
76.0.170.151,proxy
216.30.144.153,hijacked
121.75.99.244,proxy
192.241.214.17,dshield
193.0.146.166,hijacked
112.111.110.202,proxy
103.204.189.177,proxy
2.37.161.87,proxy
146.183.0.9,hijacked
171.232.150.97,exploit-bot
85.214.24.82,proxy
85.159.213.246,spyware
62.168.120.62,proxy
114.234.82.227,proxy
94.253.35.143,proxy
67.237.167.198,proxy
94.156.219.206,spam-bot
185.129.0.186,proxy
113.52.222.57,bot
193.104.176.127,hijacked
14.134.190.58,proxy
36.76.247.73,bot
104.239.0.234,hijacked
177.1.142.211,proxy
183.89.93.29,proxy
131.255.135.117,bot
190.110.222.138,proxy
5.202.215.13,proxy
177.136.211.37,proxy
184.82.142.234,proxy
37.215.90.178,proxy
103.78.182.197,proxy
146.3.0.142,hijacked
112.84.214.152,bot
91.236.239.216,proxy
106.110.217.138,proxy
76.1.168.37,proxy
182.61.29.126,bot
113.251.165.107,bot
93.158.128.3,spider
163.10.77.221,bot
116.108.75.105,bot
168.151.54.206,hijacked
118.249.23.16,proxy
138.97.226.67,proxy
110.77.168.157,proxy
112.120.126.251,bot
79.45.35.112,exploit-bot
61.91.200.18,proxy
199.254.222.138,proxy
95.31.43.15,proxy
185.244.194.111,proxy
111.48.129.253,bot
195.128.176.84,spyware
200.189.44.189,hijacked
62.116.221.167,bot
134.209.250.200,proxy
54.209.83.79,proxy
185.216.140.45,proxy:dshield
151.237.184.147,hijacked
52.128.61.138,proxy
